post_url,secondary_link
https://www.facebook.com/100089780769370/posts/123143280688364,https://igli.me/tambir
https://www.facebook.com/100090087137160/posts/115643614781876,https://nelfixinema.xyz/movie/618353/batman-death-in-the-family.html
https://www.facebook.com/100089622438225/posts/123935620603852,https://movie.skstech24.com/en/movie/436270/black-adam
https://www.facebook.com/100085955011033/posts/913397759683461,https://filmfllix.com/en/movie/829799/paradise-city,https://filmfllix.com/en/movie/724495/the-woman-king,https://bit.ly/Harry-Potter3yxc,https://www.filmfllix.com/en/movie/803104/sex-appeal,https://www.filmfllix.com/en/movie/730629/john-wick-chapter-5,https://filmfllix.com/en/movie/1013860/ripd-2-rise-of-the-damned,https://filmfllix.com/en/movie/855440/polar,https://filmfllix.com/en/movie/572802/aquaman-and-the-lost-kingdom,https://filmfllix.com/en/movie/361743/top-gun-maverick,https://filmfllix.com/en/movie/505642/black-panther-wakanda-forever,https://www.filmfllix.com/en/movie/640146/ant-man-and-the-wasp-quantumania,https://filmfllix.com/en/movie/436270/black-adam,https://filmfllix.com/en/movie/616037/thor-love-and-thunder,https://www.filmfllix.com/en/movie/830784/lyle-lyle-crocodile,https://www.filmfllix.com/en/movie/646389/plane,https://filmfllix.com/en/movie/76600/avatar-the-way-of-water,https://www.filmfllix.com/en/movie/597/titanic,https://filmfllix.com/en/movie/747803/one-way,https://filmfllix.com/en/movie/414906/the-batman,https://www.filmfllix.com/en/movie/507086/jurassic-world-dominion
https://www.facebook.com/100090371794956/posts/101948989494161,https://moviereviews20k.blogspot.com/2022/12/avatar-way-of-water-2022.html
https://www.facebook.com/100088531673240/posts/2254712258063831,https://pastepeso.com/ou881s0s,https://urlef.com/Phxx/20668845
https://www.facebook.com/100088531673240/posts/135890599371995,https://pastepeso.com/ou881s0s,https://urlef.com/Phxx/20668845
https://www.facebook.com/100089982221890/posts/110039352005472,https://flixinema.xyz/movie/14919/batman-mask-of-the-phantasm.html
https://www.facebook.com/100089982221890/posts/110026468673427,https://flixinema.xyz/movie/251519/son-of-batman.html
https://www.facebook.com/100090105456696/posts/105532705793578,https://flixinema.xyz/movie/366924/batman-bad-blood.html
https://www.facebook.com/100089842940261/posts/113706621634102,https://playstore-moviapk.blogspot.com/#tt9673190@animeimdb627
https://www.facebook.com/100089753541132/posts/116354638032987,https://flixinema.xyz/movie/16234/batman-beyond-return-of-the-joker.html
https://www.facebook.com/100090002862896/posts/108282528848509,https://playstore-moviapk.blogspot.com/#tt4853102@animeimdb350
https://www.facebook.com/100090062227480/posts/106400892371985,https://flixinema.xyz/movie/364/batman-returns.html
